Gen;Avg Gen Fitness;Fit of Gen best;Fit of Total Best;total best contact cnt;total best overlaps cnt;crossover rate;mutation rate
0;0,842389;3,000000;3,000000;3;0;0,050000;0,050000
1;1,110261;3,000000;3,000000;3;0;0,050000;0,050000
2;1,283501;3,000000;3,000000;3;0;0,049950;0,049950
3;1,546702;4,000000;4,000000;4;0;0,049900;0,049900
4;1,694338;5,000000;5,000000;5;0;0,049850;0,049850
5;1,842393;5,000000;5,000000;5;0;0,049800;0,049800
6;2,118284;5,000000;5,000000;5;0;0,049750;0,049750
7;2,336345;5,000000;5,000000;5;0;0,049700;0,049700
8;2,604750;7,000000;7,000000;7;0;0,049650;0,049650
9;2,905458;7,000000;7,000000;7;0;0,049600;0,049600
10;3,343446;7,000000;7,000000;7;0;0,049550;0,049550
11;3,774821;7,000000;7,000000;7;0;0,049500;0,049500
12;4,159625;7,000000;7,000000;7;0;0,049450;0,049450
13;4,733750;7,000000;7,000000;7;0;0,049400;0,049400
14;5,410000;7,000000;7,000000;7;0;0,049350;0,049350
15;5,905000;7,000000;7,000000;7;0;0,049300;0,049300
16;6,335000;7,000000;7,000000;7;0;0,049250;0,049250
17;6,675000;7,000000;7,000000;7;0;0,049200;0,049200
18;6,825000;7,000000;7,000000;7;0;0,049150;0,049150
19;6,890500;8,000000;8,000000;8;0;0,049100;0,049100
20;6,953500;8,000000;8,000000;8;0;0,049050;0,049050
21;7,033750;8,000000;8,000000;8;0;0,049000;0,049000
22;7,080000;8,000000;8,000000;8;0;0,048950;0,048950
23;7,145000;9,000000;9,000000;9;0;0,048900;0,048900
24;7,300000;9,000000;9,000000;9;0;0,048850;0,048850
25;7,470000;9,000000;9,000000;9;0;0,048800;0,048800
26;7,614000;9,000000;9,000000;9;0;0,048750;0,048750
27;7,785000;9,000000;9,000000;9;0;0,048700;0,048700
28;7,950000;9,000000;9,000000;9;0;0,048650;0,048650
29;8,120000;9,000000;9,000000;9;0;0,048600;0,048600
30;8,189500;9,000000;9,000000;9;0;0,048550;0,048550
31;8,281667;9,000000;9,000000;9;0;0,048500;0,048500
32;8,535625;9,000000;9,000000;9;0;0,048450;0,048450
33;8,645625;9,000000;9,000000;9;0;0,048400;0,048400
34;8,811667;10,000000;10,000000;10;0;0,048350;0,048350
35;8,901667;10,000000;10,000000;10;0;0,048300;0,048300
36;8,902778;10,000000;10,000000;10;0;0,048250;0,048250
37;8,950000;10,000000;10,000000;10;0;0,048200;0,048200
38;9,038000;10,000000;10,000000;10;0;0,048150;0,048150
39;9,093000;10,000000;10,000000;10;0;0,048100;0,048100
40;9,195000;10,000000;10,000000;10;0;0,048050;0,048050
41;9,435000;10,000000;10,000000;10;0;0,048000;0,048000
42;9,602500;10,000000;10,000000;10;0;0,047950;0,047950
43;9,755000;10,000000;10,000000;10;0;0,047900;0,047900
44;9,835833;10,000000;10,000000;10;0;0,047850;0,047850
45;9,905000;10,000000;10,000000;10;0;0,047800;0,047800
46;9,995000;10,000000;10,000000;10;0;0,047750;0,047750
47;9,925000;10,000000;10,000000;10;0;0,047700;0,047700
48;9,840000;10,000000;10,000000;10;0;0,047650;0,047650
49;9,900833;10,000000;10,000000;10;0;0,047600;0,047600
50;9,970000;11,000000;11,000000;11;0;0,047550;0,047550
51;9,965000;11,000000;11,000000;11;0;0,047500;0,047500
52;9,957500;11,000000;11,000000;11;0;0,047450;0,047450
53;9,960000;11,000000;11,000000;11;0;0,047400;0,047400
54;10,012500;11,000000;11,000000;11;0;0,047350;0,047350
55;10,002833;11,000000;11,000000;11;0;0,047300;0,047300
56;10,070000;11,000000;11,000000;11;0;0,047250;0,047250
57;10,200000;11,000000;11,000000;11;0;0,047200;0,047200
58;10,356667;11,000000;11,000000;11;0;0,047150;0,047150
59;10,580000;11,000000;11,000000;11;0;0,047100;0,047100
60;10,765000;11,000000;11,000000;11;0;0,047050;0,047050
61;10,781429;11,000000;11,000000;11;0;0,047000;0,047000
62;10,915000;11,000000;11,000000;11;0;0,046950;0,046950
63;10,980000;11,000000;11,000000;11;0;0,046900;0,046900
64;10,865417;11,000000;11,000000;11;0;0,046850;0,046850
65;10,867262;11,000000;11,000000;11;0;0,046800;0,046800
66;10,812500;11,000000;11,000000;11;0;0,046750;0,046750
67;10,910000;11,000000;11,000000;11;0;0,046700;0,046700
68;10,895000;11,000000;11,000000;11;0;0,046650;0,046650
69;10,961667;11,000000;11,000000;11;0;0,046600;0,046600
70;10,873417;11,000000;11,000000;11;0;0,046550;0,046550
71;10,995000;11,000000;11,000000;11;0;0,046500;0,046500
72;10,922262;11,000000;11,000000;11;0;0,046450;0,046450
73;10,953333;11,000000;11,000000;11;0;0,046400;0,046400
74;10,911905;11,000000;11,000000;11;0;0,046350;0,046350
75;10,945833;11,000000;11,000000;11;0;0,046300;0,046300
76;10,990000;11,000000;11,000000;11;0;0,046250;0,046250
77;10,961429;11,000000;11,000000;11;0;0,046200;0,046200
78;10,819083;11,000000;11,000000;11;0;0,046150;0,046150
79;10,815929;11,000000;11,000000;11;0;0,046100;0,046100
80;10,910317;11,000000;11,000000;11;0;0,046050;0,046050
81;10,995000;11,000000;11,000000;11;0;0,046000;0,046000
82;10,914167;11,000000;11,000000;11;0;0,045950;0,045950
83;10,795833;11,000000;11,000000;11;0;0,045900;0,045900
84;10,851667;11,000000;11,000000;11;0;0,045850;0,045850
85;10,952500;11,000000;11,000000;11;0;0,045800;0,045800
86;10,972500;11,000000;11,000000;11;0;0,045750;0,045750
87;10,897000;11,000000;11,000000;11;0;0,045700;0,045700
88;10,910000;11,000000;11,000000;11;0;0,045650;0,045650
89;10,960000;11,000000;11,000000;11;0;0,045600;0,045600
90;10,895000;11,000000;11,000000;11;0;0,045550;0,045550
91;10,912500;11,000000;11,000000;11;0;0,045500;0,045500
92;10,913333;11,000000;11,000000;11;0;0,045450;0,045450
93;10,911429;11,000000;11,000000;11;0;0,045400;0,045400
94;10,873750;11,000000;11,000000;11;0;0,045350;0,045350
95;10,914861;11,000000;11,000000;11;0;0,045300;0,045300
96;10,869861;11,000000;11,000000;11;0;0,045250;0,045250
97;10,896667;11,000000;11,000000;11;0;0,045200;0,045200
98;10,945000;11,000000;11,000000;11;0;0,045150;0,045150
99;10,958000;11,000000;11,000000;11;0;0,045100;0,045100
100;10,863000;11,000000;11,000000;11;0;0,045050;0,045050
101;10,840833;11,000000;11,000000;11;0;0,045000;0,045000
102;10,990000;11,000000;11,000000;11;0;0,044950;0,044950
103;10,850000;11,000000;11,000000;11;0;0,044900;0,044900
104;10,876667;11,000000;11,000000;11;0;0,044850;0,044850
105;10,975000;11,000000;11,000000;11;0;0,044800;0,044800
106;10,946000;11,000000;11,000000;11;0;0,044750;0,044750
107;10,943333;11,000000;11,000000;11;0;0,044700;0,044700
108;10,852083;11,000000;11,000000;11;0;0,044650;0,044650
109;10,836667;11,000000;11,000000;11;0;0,044600;0,044600
110;10,819536;11,000000;11,000000;11;0;0,044550;0,044550
111;10,754750;11,000000;11,000000;11;0;0,044500;0,044500
112;10,861167;11,000000;11,000000;11;0;0,044450;0,044450
113;10,866667;11,000000;11,000000;11;0;0,044400;0,044400
114;10,865000;11,000000;11,000000;11;0;0,044350;0,044350
115;11,000000;11,000000;11,000000;11;0;0,044300;0,044300
116;10,885667;11,000000;11,000000;11;0;0,044250;0,044250
117;10,965000;11,000000;11,000000;11;0;0,044200;0,044200
118;10,925000;11,000000;11,000000;11;0;0,044150;0,044150
119;10,962500;11,000000;11,000000;11;0;0,044100;0,044100
120;10,861250;11,000000;11,000000;11;0;0,044050;0,044050
121;10,937500;11,000000;11,000000;11;0;0,044000;0,044000
122;10,967500;11,000000;11,000000;11;0;0,043950;0,043950
123;10,770227;11,000000;11,000000;11;0;0,043900;0,043900
124;10,837500;11,000000;11,000000;11;0;0,043850;0,043850
125;10,943333;11,000000;11,000000;11;0;0,043800;0,043800
126;10,958571;11,000000;11,000000;11;0;0,043750;0,043750
127;10,995000;11,000000;11,000000;11;0;0,043700;0,043700
128;10,970000;11,000000;11,000000;11;0;0,043650;0,043650
129;11,000000;11,000000;11,000000;11;0;0,043600;0,043600
130;10,950833;11,000000;11,000000;11;0;0,043550;0,043550
131;10,990000;11,000000;11,000000;11;0;0,043500;0,043500
132;10,945833;11,000000;11,000000;11;0;0,043450;0,043450
133;10,975000;11,000000;11,000000;11;0;0,043400;0,043400
134;10,980000;11,000000;11,000000;11;0;0,043350;0,043350
135;10,990000;11,000000;11,000000;11;0;0,043300;0,043300
136;10,895833;11,000000;11,000000;11;0;0,043250;0,043250
137;10,858333;11,000000;11,000000;11;0;0,043200;0,043200
138;10,950833;11,000000;11,000000;11;0;0,043150;0,043150
139;10,955833;11,000000;11,000000;11;0;0,043100;0,043100
140;10,939000;11,000000;11,000000;11;0;0,043050;0,043050
141;10,953571;11,000000;11,000000;11;0;0,043000;0,043000
142;10,950000;11,000000;11,000000;11;0;0,042950;0,042950
143;10,900000;11,000000;11,000000;11;0;0,042900;0,042900
144;10,945000;11,000000;11,000000;11;0;0,042850;0,042850
145;10,946000;11,000000;11,000000;11;0;0,042800;0,042800
146;10,903333;11,000000;11,000000;11;0;0,042750;0,042750
147;10,953333;11,000000;11,000000;11;0;0,042700;0,042700
148;10,953750;11,000000;11,000000;11;0;0,042650;0,042650
149;10,902500;11,000000;11,000000;11;0;0,042600;0,042600
150;10,867917;11,000000;11,000000;11;0;0,042550;0,042550
151;10,827917;11,000000;11,000000;11;0;0,042500;0,042500
152;10,926500;11,000000;11,000000;11;0;0,042450;0,042450
153;10,963333;11,000000;11,000000;11;0;0,042400;0,042400
154;10,990000;11,000000;11,000000;11;0;0,042350;0,042350
155;10,867500;11,000000;11,000000;11;0;0,042300;0,042300
156;10,838333;11,000000;11,000000;11;0;0,042250;0,042250
157;10,751250;11,000000;11,000000;11;0;0,042200;0,042200
158;10,870417;11,000000;11,000000;11;0;0,042150;0,042150
159;10,945000;11,000000;11,000000;11;0;0,042100;0,042100
160;10,791000;11,000000;11,000000;11;0;0,042050;0,042050
161;10,886000;11,000000;11,000000;11;0;0,042000;0,042000
162;10,879167;11,000000;11,000000;11;0;0,041950;0,041950
163;10,846833;11,000000;11,000000;11;0;0,041900;0,041900
164;10,888000;11,000000;11,000000;11;0;0,041850;0,041850
165;10,927500;11,000000;11,000000;11;0;0,041800;0,041800
166;10,967500;11,000000;11,000000;11;0;0,041750;0,041750
167;10,943333;11,000000;11,000000;11;0;0,041700;0,041700
168;11,000000;11,000000;11,000000;11;0;0,041650;0,041650
169;10,972500;11,000000;11,000000;11;0;0,041600;0,041600
170;10,990000;11,000000;11,000000;11;0;0,041550;0,041550
171;10,995000;11,000000;11,000000;11;0;0,041500;0,041500
172;10,919000;11,000000;11,000000;11;0;0,041450;0,041450
173;10,926250;11,000000;11,000000;11;0;0,041400;0,041400
174;10,928500;11,000000;11,000000;11;0;0,041350;0,041350
175;10,963750;11,000000;11,000000;11;0;0,041300;0,041300
176;10,958750;11,000000;11,000000;11;0;0,041250;0,041250
177;10,859602;11,000000;11,000000;11;0;0,041200;0,041200
178;10,936765;11,000000;11,000000;11;0;0,041150;0,041150
179;10,782417;11,000000;11,000000;11;0;0,041100;0,041100
180;10,816667;11,000000;11,000000;11;0;0,041050;0,041050
181;10,895833;11,000000;11,000000;11;0;0,041000;0,041000
182;10,955000;11,000000;11,000000;11;0;0,040950;0,040950
183;10,965000;11,000000;11,000000;11;0;0,040900;0,040900
184;10,975000;11,000000;11,000000;11;0;0,040850;0,040850
185;10,990000;11,000000;11,000000;11;0;0,040800;0,040800
186;10,877917;11,000000;11,000000;11;0;0,040750;0,040750
187;10,959000;11,000000;11,000000;11;0;0,040700;0,040700
188;10,954286;11,000000;11,000000;11;0;0,040650;0,040650
189;10,893333;11,000000;11,000000;11;0;0,040600;0,040600
190;10,945000;11,000000;11,000000;11;0;0,040550;0,040550
191;10,995000;11,000000;11,000000;11;0;0,040500;0,040500
192;10,953333;11,000000;11,000000;11;0;0,040450;0,040450
193;11,000000;11,000000;11,000000;11;0;0,040400;0,040400
194;10,995000;11,000000;11,000000;11;0;0,040350;0,040350
195;10,890417;11,000000;11,000000;11;0;0,040300;0,040300
196;10,958750;11,000000;11,000000;11;0;0,040250;0,040250
197;10,903750;11,000000;11,000000;11;0;0,040200;0,040200
198;11,000000;11,000000;11,000000;11;0;0,040150;0,040150
199;10,965000;11,000000;11,000000;11;0;0,040100;0,040100
200;10,960000;11,000000;11,000000;11;0;0,040050;0,040050
201;10,951000;11,000000;11,000000;11;0;0,040000;0,040000
202;11,000000;11,000000;11,000000;11;0;0,039950;0,039950
203;11,000000;11,000000;11,000000;11;0;0,039900;0,039900
204;10,960000;11,000000;11,000000;11;0;0,039850;0,039850
205;10,829167;11,000000;11,000000;11;0;0,039800;0,039800
206;10,917500;11,000000;11,000000;11;0;0,039750;0,039750
207;10,917500;11,000000;11,000000;11;0;0,039700;0,039700
208;10,990000;11,000000;11,000000;11;0;0,039650;0,039650
209;10,823762;11,000000;11,000000;11;0;0,039600;0,039600
210;10,953333;11,000000;11,000000;11;0;0,039550;0,039550
211;10,953750;11,000000;11,000000;11;0;0,039500;0,039500
212;10,956111;11,000000;11,000000;11;0;0,039450;0,039450
213;10,817000;11,000000;11,000000;11;0;0,039400;0,039400
214;10,857000;11,000000;11,000000;11;0;0,039350;0,039350
215;11,000000;12,000000;12,000000;12;0;0,039300;0,039300
216;10,918571;12,000000;12,000000;12;0;0,039250;0,039250
217;10,975000;12,000000;12,000000;12;0;0,039200;0,039200
218;10,941500;12,000000;12,000000;12;0;0,039150;0,039150
219;11,001667;12,000000;12,000000;12;0;0,039100;0,039100
220;11,115000;12,000000;12,000000;12;0;0,039050;0,039050
221;11,235000;12,000000;12,000000;12;0;0,039000;0,039000
222;11,395000;12,000000;12,000000;12;0;0,038950;0,038950
223;11,509444;12,000000;12,000000;12;0;0,038900;0,038900
224;11,775000;12,000000;12,000000;12;0;0,038850;0,038850
225;11,747500;12,000000;12,000000;12;0;0,038800;0,038800
226;11,791250;12,000000;12,000000;12;0;0,038750;0,038750
227;11,790357;12,000000;12,000000;12;0;0,038700;0,038700
228;11,922500;12,000000;12,000000;12;0;0,038650;0,038650
229;11,950833;12,000000;12,000000;12;0;0,038600;0,038600
230;11,935833;12,000000;12,000000;12;0;0,038550;0,038550
231;11,855405;12,000000;12,000000;12;0;0,038500;0,038500
232;11,920833;12,000000;12,000000;12;0;0,038450;0,038450
233;11,928333;12,000000;12,000000;12;0;0,038400;0,038400
234;11,766825;12,000000;12,000000;12;0;0,038350;0,038350
235;11,905714;12,000000;12,000000;12;0;0,038300;0,038300
236;11,768214;12,000000;12,000000;12;0;0,038250;0,038250
237;11,793929;12,000000;12,000000;12;0;0,038200;0,038200
238;11,893214;12,000000;12,000000;12;0;0,038150;0,038150
239;11,831339;12,000000;12,000000;12;0;0,038100;0,038100
240;11,900260;12,000000;12,000000;12;0;0,038050;0,038050
241;12,000000;12,000000;12,000000;12;0;0,038000;0,038000
242;11,947333;12,000000;12,000000;12;0;0,037950;0,037950
243;11,791190;12,000000;12,000000;12;0;0,037900;0,037900
244;11,955000;12,000000;12,000000;12;0;0,037850;0,037850
245;11,960000;12,000000;12,000000;12;0;0,037800;0,037800
246;11,935000;12,000000;12,000000;12;0;0,037750;0,037750
247;11,905833;12,000000;12,000000;12;0;0,037700;0,037700
248;11,890625;12,000000;12,000000;12;0;0,037650;0,037650
249;11,885000;12,000000;12,000000;12;0;0,037600;0,037600
250;11,830260;12,000000;12,000000;12;0;0,037550;0,037550
251;11,852381;12,000000;12,000000;12;0;0,037500;0,037500
252;11,865000;12,000000;12,000000;12;0;0,037450;0,037450
253;11,932273;12,000000;12,000000;12;0;0,037400;0,037400
254;11,921250;12,000000;12,000000;12;0;0,037350;0,037350
255;11,921250;12,000000;12,000000;12;0;0,037300;0,037300
256;11,970000;12,000000;12,000000;12;0;0,037250;0,037250
257;11,960000;12,000000;12,000000;12;0;0,037200;0,037200
258;11,870476;12,000000;12,000000;12;0;0,037150;0,037150
259;11,863095;12,000000;12,000000;12;0;0,037100;0,037100
260;11,942143;12,000000;12,000000;12;0;0,037050;0,037050
261;11,955000;12,000000;12,000000;12;0;0,037000;0,037000
262;11,947727;12,000000;12,000000;12;0;0,036950;0,036950
263;11,958333;12,000000;12,000000;12;0;0,036900;0,036900
264;11,898750;12,000000;12,000000;12;0;0,036850;0,036850
265;11,967500;12,000000;12,000000;12;0;0,036800;0,036800
266;11,931000;12,000000;12,000000;12;0;0,036750;0,036750
267;11,923889;12,000000;12,000000;12;0;0,036700;0,036700
268;11,889889;12,000000;12,000000;12;0;0,036650;0,036650
269;11,965000;12,000000;12,000000;12;0;0,036600;0,036600
270;11,849545;12,000000;12,000000;12;0;0,036550;0,036550
271;11,953333;12,000000;12,000000;12;0;0,036500;0,036500
272;11,953333;12,000000;12,000000;12;0;0,036450;0,036450
273;12,000000;12,000000;12,000000;12;0;0,036400;0,036400
274;11,995000;12,000000;12,000000;12;0;0,036350;0,036350
275;11,942500;12,000000;12,000000;12;0;0,036300;0,036300
276;11,995000;12,000000;12,000000;12;0;0,036250;0,036250
277;11,897083;12,000000;12,000000;12;0;0,036200;0,036200
278;11,952500;12,000000;12,000000;12;0;0,036150;0,036150
279;11,980000;12,000000;12,000000;12;0;0,036100;0,036100
280;11,955000;12,000000;12,000000;12;0;0,036050;0,036050
281;11,965000;12,000000;12,000000;12;0;0,036000;0,036000
282;11,937500;12,000000;12,000000;12;0;0,035950;0,035950
283;11,818000;12,000000;12,000000;12;0;0,035900;0,035900
284;11,940000;12,000000;12,000000;12;0;0,035850;0,035850
285;11,860000;12,000000;12,000000;12;0;0,035800;0,035800
286;11,910000;12,000000;12,000000;12;0;0,035750;0,035750
287;11,847750;12,000000;12,000000;12;0;0,035700;0,035700
288;11,877833;12,000000;12,000000;12;0;0,035650;0,035650
289;11,942000;12,000000;12,000000;12;0;0,035600;0,035600
290;11,898500;12,000000;12,000000;12;0;0,035550;0,035550
291;11,947500;12,000000;12,000000;12;0;0,035500;0,035500
292;11,932500;12,000000;12,000000;12;0;0,035450;0,035450
293;11,942500;12,000000;12,000000;12;0;0,035400;0,035400
294;11,931000;12,000000;12,000000;12;0;0,035350;0,035350
295;11,709083;12,000000;12,000000;12;0;0,035300;0,035300
296;11,856833;12,000000;12,000000;12;0;0,035250;0,035250
297;11,985000;12,000000;12,000000;12;0;0,035200;0,035200
298;11,975000;12,000000;12,000000;12;0;0,035150;0,035150
299;11,980000;12,000000;12,000000;12;0;0,035100;0,035100
300;11,990000;12,000000;12,000000;12;0;0,035050;0,035050
301;11,935000;12,000000;12,000000;12;0;0,035000;0,035000
302;11,948571;12,000000;12,000000;12;0;0,034950;0,034950
303;12,000000;12,000000;12,000000;12;0;0,034900;0,034900
304;11,908889;12,000000;12,000000;12;0;0,034850;0,034850
305;11,853889;12,000000;12,000000;12;0;0,034800;0,034800
306;11,880000;12,000000;12,000000;12;0;0,034750;0,034750
307;11,940000;12,000000;12,000000;12;0;0,034700;0,034700
308;11,908333;12,000000;12,000000;12;0;0,034650;0,034650
309;11,953333;12,000000;12,000000;12;0;0,034600;0,034600
310;11,995000;12,000000;12,000000;12;0;0,034550;0,034550
311;12,000000;12,000000;12,000000;12;0;0,034500;0,034500
312;12,000000;12,000000;12,000000;12;0;0,034450;0,034450
313;11,947500;12,000000;12,000000;12;0;0,034400;0,034400
314;11,970000;12,000000;12,000000;12;0;0,034350;0,034350
315;11,956250;12,000000;12,000000;12;0;0,034300;0,034300
316;12,000000;12,000000;12,000000;12;0;0,034250;0,034250
317;11,934545;12,000000;12,000000;12;0;0,034200;0,034200
318;11,886545;12,000000;12,000000;12;0;0,034150;0,034150
319;11,952500;12,000000;12,000000;12;0;0,034100;0,034100
320;11,930000;12,000000;12,000000;12;0;0,034050;0,034050
321;11,897143;12,000000;12,000000;12;0;0,034000;0,034000
322;11,995000;12,000000;12,000000;12;0;0,033950;0,033950
323;12,000000;12,000000;12,000000;12;0;0,033900;0,033900
324;11,905000;12,000000;12,000000;12;0;0,033850;0,033850
325;11,844143;12,000000;12,000000;12;0;0,033800;0,033800
326;11,839143;12,000000;12,000000;12;0;0,033750;0,033750
327;11,985000;12,000000;12,000000;12;0;0,033700;0,033700
328;11,965000;12,000000;12,000000;12;0;0,033650;0,033650
329;11,985000;12,000000;12,000000;12;0;0,033600;0,033600
330;11,948333;12,000000;12,000000;12;0;0,033550;0,033550
331;11,904333;12,000000;12,000000;12;0;0,033500;0,033500
332;11,990000;12,000000;12,000000;12;0;0,033450;0,033450
333;11,898571;12,000000;12,000000;12;0;0,033400;0,033400
334;11,995000;12,000000;12,000000;12;0;0,033350;0,033350
335;11,891250;12,000000;12,000000;12;0;0,033300;0,033300
336;11,950000;12,000000;12,000000;12;0;0,033250;0,033250
337;11,952500;12,000000;12,000000;12;0;0,033200;0,033200
338;11,940000;12,000000;12,000000;12;0;0,033150;0,033150
339;11,980000;12,000000;12,000000;12;0;0,033100;0,033100
340;11,960000;12,000000;12,000000;12;0;0,033050;0,033050
341;11,960000;12,000000;12,000000;12;0;0,033000;0,033000
342;11,951250;12,000000;12,000000;12;0;0,032950;0,032950
343;11,910833;12,000000;12,000000;12;0;0,032900;0,032900
344;11,947000;12,000000;12,000000;12;0;0,032850;0,032850
345;11,980000;12,000000;12,000000;12;0;0,032800;0,032800
346;11,934000;12,000000;12,000000;12;0;0,032750;0,032750
347;11,953333;12,000000;12,000000;12;0;0,032700;0,032700
348;11,958333;12,000000;12,000000;12;0;0,032650;0,032650
349;11,945000;12,000000;12,000000;12;0;0,032600;0,032600
350;11,895000;12,000000;12,000000;12;0;0,032550;0,032550
351;11,912500;12,000000;12,000000;12;0;0,032500;0,032500
352;12,000000;12,000000;12,000000;12;0;0,032450;0,032450
353;12,000000;12,000000;12,000000;12;0;0,032400;0,032400
354;11,975000;12,000000;12,000000;12;0;0,032350;0,032350
355;11,995000;12,000000;12,000000;12;0;0,032300;0,032300
356;11,956000;12,000000;12,000000;12;0;0,032250;0,032250
357;11,942000;12,000000;12,000000;12;0;0,032200;0,032200
358;11,906000;12,000000;12,000000;12;0;0,032150;0,032150
359;12,000000;12,000000;12,000000;12;0;0,032100;0,032100
360;11,990000;12,000000;12,000000;12;0;0,032050;0,032050
361;12,000000;12,000000;12,000000;12;0;0,032000;0,032000
362;12,000000;12,000000;12,000000;12;0;0,031950;0,031950
363;11,901429;12,000000;12,000000;12;0;0,031900;0,031900
364;11,941250;12,000000;12,000000;12;0;0,031850;0,031850
365;11,990000;12,000000;12,000000;12;0;0,031800;0,031800
366;11,945000;12,000000;12,000000;12;0;0,031750;0,031750
367;11,995000;12,000000;12,000000;12;0;0,031700;0,031700
368;11,995000;12,000000;12,000000;12;0;0,031650;0,031650
369;12,000000;12,000000;12,000000;12;0;0,031600;0,031600
370;11,957500;12,000000;12,000000;12;0;0,031550;0,031550
371;11,953333;12,000000;12,000000;12;0;0,031500;0,031500
372;11,948077;12,000000;12,000000;12;0;0,031450;0,031450
373;11,912500;12,000000;12,000000;12;0;0,031400;0,031400
374;11,990000;12,000000;12,000000;12;0;0,031350;0,031350
375;11,945000;12,000000;12,000000;12;0;0,031300;0,031300
376;11,903889;12,000000;12,000000;12;0;0,031250;0,031250
377;11,975000;12,000000;12,000000;12;0;0,031200;0,031200
378;11,955000;12,000000;12,000000;12;0;0,031150;0,031150
379;11,945000;12,000000;12,000000;12;0;0,031100;0,031100
380;11,949167;12,000000;12,000000;12;0;0,031050;0,031050
381;11,896190;12,000000;12,000000;12;0;0,031000;0,031000
382;11,872500;12,000000;12,000000;12;0;0,030950;0,030950
383;11,941250;12,000000;12,000000;12;0;0,030900;0,030900
384;12,000000;12,000000;12,000000;12;0;0,030850;0,030850
385;11,955000;12,000000;12,000000;12;0;0,030800;0,030800
386;11,927000;12,000000;12,000000;12;0;0,030750;0,030750
387;11,975000;12,000000;12,000000;12;0;0,030700;0,030700
388;11,943750;12,000000;12,000000;12;0;0,030650;0,030650
389;11,958333;12,000000;12,000000;12;0;0,030600;0,030600
390;11,906667;12,000000;12,000000;12;0;0,030550;0,030550
391;11,958333;12,000000;12,000000;12;0;0,030500;0,030500
392;11,818000;12,000000;12,000000;12;0;0,030450;0,030450
393;11,753000;12,000000;12,000000;12;0;0,030400;0,030400
394;11,868000;12,000000;12,000000;12;0;0,030350;0,030350
395;11,956000;12,000000;12,000000;12;0;0,030300;0,030300
396;11,909333;12,000000;12,000000;12;0;0,030250;0,030250
397;12,000000;12,000000;12,000000;12;0;0,030200;0,030200
398;11,948571;12,000000;12,000000;12;0;0,030150;0,030150
399;11,960000;12,000000;12,000000;12;0;0,030100;0,030100
400;11,943750;12,000000;12,000000;12;0;0,030050;0,030050
401;11,899545;12,000000;12,000000;12;0;0,030000;0,030000
402;11,856510;12,000000;12,000000;12;0;0,029950;0,029950
403;11,946250;12,000000;12,000000;12;0;0,029900;0,029900
404;11,902500;12,000000;12,000000;12;0;0,029850;0,029850
405;11,924545;12,000000;12,000000;12;0;0,029800;0,029800
406;11,721131;12,000000;12,000000;12;0;0,029750;0,029750
407;11,812500;12,000000;12,000000;12;0;0,029700;0,029700
408;11,910833;12,000000;12,000000;12;0;0,029650;0,029650
409;11,898434;12,000000;12,000000;12;0;0,029600;0,029600
410;12,000000;12,000000;12,000000;12;0;0,029550;0,029550
411;11,950000;12,000000;12,000000;12;0;0,029500;0,029500
412;11,850000;12,000000;12,000000;12;0;0,029450;0,029450
413;11,925000;12,000000;12,000000;12;0;0,029400;0,029400
414;11,887000;12,000000;12,000000;12;0;0,029350;0,029350
415;11,922500;12,000000;12,000000;12;0;0,029300;0,029300
416;11,887333;12,000000;12,000000;12;0;0,029250;0,029250
417;11,958333;12,000000;12,000000;12;0;0,029200;0,029200
418;11,970000;12,000000;12,000000;12;0;0,029150;0,029150
419;11,900625;12,000000;12,000000;12;0;0,029100;0,029100
420;11,990000;12,000000;12,000000;12;0;0,029050;0,029050
421;11,941000;12,000000;12,000000;12;0;0,029000;0,029000
422;12,000000;12,000000;12,000000;12;0;0,028950;0,028950
423;11,952500;12,000000;12,000000;12;0;0,028900;0,028900
424;11,947500;12,000000;12,000000;12;0;0,028850;0,028850
425;11,970000;12,000000;12,000000;12;0;0,028800;0,028800
426;12,000000;12,000000;12,000000;12;0;0,028750;0,028750
427;12,000000;12,000000;12,000000;12;0;0,028700;0,028700
428;11,899000;12,000000;12,000000;12;0;0,028650;0,028650
429;11,802705;12,000000;12,000000;12;0;0,028600;0,028600
430;11,909000;12,000000;12,000000;12;0;0,028550;0,028550
431;11,861500;12,000000;12,000000;12;0;0,028500;0,028500
432;11,941250;12,000000;12,000000;12;0;0,028450;0,028450
433;11,946250;12,000000;12,000000;12;0;0,028400;0,028400
434;11,965000;12,000000;12,000000;12;0;0,028350;0,028350
435;11,935000;12,000000;12,000000;12;0;0,028300;0,028300
436;11,937500;12,000000;12,000000;12;0;0,028250;0,028250
437;11,882714;12,000000;12,000000;12;0;0,028200;0,028200
438;11,945000;12,000000;12,000000;12;0;0,028150;0,028150
439;11,980000;12,000000;12,000000;12;0;0,028100;0,028100
440;12,000000;12,000000;12,000000;12;0;0,028050;0,028050
441;11,898077;12,000000;12,000000;12;0;0,028000;0,028000
442;12,000000;12,000000;12,000000;12;0;0,027950;0,027950
443;12,000000;12,000000;12,000000;12;0;0,027900;0,027900
444;12,000000;12,000000;12,000000;12;0;0,027850;0,027850
445;11,956250;12,000000;12,000000;12;0;0,027800;0,027800
446;12,000000;12,000000;12,000000;12;0;0,027750;0,027750
447;11,956667;12,000000;12,000000;12;0;0,027700;0,027700
448;11,967500;12,000000;12,000000;12;0;0,027650;0,027650
449;11,985000;12,000000;12,000000;12;0;0,027600;0,027600
450;11,975000;12,000000;12,000000;12;0;0,027550;0,027550
451;11,975000;12,000000;12,000000;12;0;0,027500;0,027500
452;11,970000;12,000000;12,000000;12;0;0,027450;0,027450
453;12,000000;12,000000;12,000000;12;0;0,027400;0,027400
454;11,940000;12,000000;12,000000;12;0;0,027350;0,027350
455;12,000000;12,000000;12,000000;12;0;0,027300;0,027300
456;11,995000;12,000000;12,000000;12;0;0,027250;0,027250
457;11,980000;12,000000;12,000000;12;0;0,027200;0,027200
458;12,000000;12,000000;12,000000;12;0;0,027150;0,027150
459;11,952000;12,000000;12,000000;12;0;0,027100;0,027100
460;11,900536;12,000000;12,000000;12;0;0,027050;0,027050
461;11,856250;12,000000;12,000000;12;0;0,027000;0,027000
462;11,859750;12,000000;12,000000;12;0;0,026950;0,026950
463;11,946000;12,000000;12,000000;12;0;0,026900;0,026900
464;11,902500;12,000000;12,000000;12;0;0,026850;0,026850
465;11,990000;12,000000;12,000000;12;0;0,026800;0,026800
466;11,917500;12,000000;12,000000;12;0;0,026750;0,026750
467;11,937500;12,000000;12,000000;12;0;0,026700;0,026700
468;11,812143;12,000000;12,000000;12;0;0,026650;0,026650
469;11,917500;12,000000;12,000000;12;0;0,026600;0,026600
470;11,956250;12,000000;12,000000;12;0;0,026550;0,026550
471;11,938750;12,000000;12,000000;12;0;0,026500;0,026500
472;12,000000;12,000000;12,000000;12;0;0,026450;0,026450
473;12,000000;12,000000;12,000000;12;0;0,026400;0,026400
474;11,952500;12,000000;12,000000;12;0;0,026350;0,026350
475;11,953333;12,000000;12,000000;12;0;0,026300;0,026300
476;11,955000;12,000000;12,000000;12;0;0,026250;0,026250
477;11,995000;12,000000;12,000000;12;0;0,026200;0,026200
478;11,995000;12,000000;12,000000;12;0;0,026150;0,026150
479;11,899091;12,000000;12,000000;12;0;0,026100;0,026100
480;11,917045;12,000000;12,000000;12;0;0,026050;0,026050
481;11,967500;12,000000;12,000000;12;0;0,026000;0,026000
482;12,000000;12,000000;12,000000;12;0;0,025950;0,025950
483;12,000000;12,000000;12,000000;12;0;0,025900;0,025900
484;11,990000;12,000000;12,000000;12;0;0,025850;0,025850
485;11,985000;12,000000;12,000000;12;0;0,025800;0,025800
486;11,937000;12,000000;12,000000;12;0;0,025750;0,025750
487;11,945000;12,000000;12,000000;12;0;0,025700;0,025700
488;11,970000;12,000000;12,000000;12;0;0,025650;0,025650
489;11,995000;12,000000;12,000000;12;0;0,025600;0,025600
490;11,886667;12,000000;12,000000;12;0;0,025550;0,025550
491;11,953750;12,000000;12,000000;12;0;0,025500;0,025500
492;11,995000;12,000000;12,000000;12;0;0,025450;0,025450
493;12,000000;12,000000;12,000000;12;0;0,025400;0,025400
494;11,949545;12,000000;12,000000;12;0;0,025350;0,025350
495;11,923077;12,000000;12,000000;12;0;0,025300;0,025300
496;11,942000;12,000000;12,000000;12;0;0,025250;0,025250
497;12,000000;12,000000;12,000000;12;0;0,025200;0,025200
498;11,900000;13,000000;13,000000;13;0;0,025150;0,025150
499;12,000000;12,000000;13,000000;13;0;0,025100;0,025100
500;11,908889;12,000000;13,000000;13;0;0,025050;0,025050
501;11,868889;12,000000;13,000000;13;0;0,025000;0,025000
502;11,930000;12,000000;13,000000;13;0;0,024950;0,024950
503;11,960000;12,000000;13,000000;13;0;0,024900;0,024900
504;11,961667;12,000000;13,000000;13;0;0,024850;0,024850
505;11,961667;12,000000;13,000000;13;0;0,024800;0,024800
506;11,995000;12,000000;13,000000;13;0;0,024750;0,024750
507;11,902500;12,000000;13,000000;13;0;0,024700;0,024700
508;11,856389;12,000000;13,000000;13;0;0,024650;0,024650
509;11,896964;12,000000;13,000000;13;0;0,024600;0,024600
510;11,926250;12,000000;13,000000;13;0;0,024550;0,024550
511;11,956250;12,000000;13,000000;13;0;0,024500;0,024500
512;11,923750;12,000000;13,000000;13;0;0,024450;0,024450
513;11,810655;12,000000;13,000000;13;0;0,024400;0,024400
514;11,950000;12,000000;13,000000;13;0;0,024350;0,024350
515;11,877500;12,000000;13,000000;13;0;0,024300;0,024300
516;11,975000;12,000000;13,000000;13;0;0,024250;0,024250
517;12,000000;12,000000;13,000000;13;0;0,024200;0,024200
518;11,884545;12,000000;13,000000;13;0;0,024150;0,024150
519;12,000000;12,000000;13,000000;13;0;0,024100;0,024100
520;11,990000;12,000000;13,000000;13;0;0,024050;0,024050
521;11,990000;12,000000;13,000000;13;0;0,024000;0,024000
522;12,000000;12,000000;13,000000;13;0;0,023950;0,023950
523;12,000000;12,000000;13,000000;13;0;0,023900;0,023900
524;12,000000;12,000000;13,000000;13;0;0,023850;0,023850
525;12,000000;12,000000;13,000000;13;0;0,023800;0,023800
526;11,958333;12,000000;13,000000;13;0;0,023750;0,023750
527;11,958333;12,000000;13,000000;13;0;0,023700;0,023700
528;11,918333;12,000000;13,000000;13;0;0,023650;0,023650
529;11,958333;12,000000;13,000000;13;0;0,023600;0,023600
530;11,958333;12,000000;13,000000;13;0;0,023550;0,023550
531;11,854487;12,000000;13,000000;13;0;0,023500;0,023500
532;11,990000;12,000000;13,000000;13;0;0,023450;0,023450
533;11,949444;12,000000;13,000000;13;0;0,023400;0,023400
534;12,000000;12,000000;13,000000;13;0;0,023350;0,023350
535;12,000000;12,000000;13,000000;13;0;0,023300;0,023300
536;11,905545;12,000000;13,000000;13;0;0,023250;0,023250
537;12,000000;12,000000;13,000000;13;0;0,023200;0,023200
538;11,970000;12,000000;13,000000;13;0;0,023150;0,023150
539;11,985000;12,000000;13,000000;13;0;0,023100;0,023100
540;12,000000;12,000000;13,000000;13;0;0,023050;0,023050
541;11,952500;12,000000;13,000000;13;0;0,023000;0,023000
542;12,000000;12,000000;13,000000;13;0;0,022950;0,022950
543;11,958333;12,000000;13,000000;13;0;0,022900;0,022900
544;11,958333;12,000000;13,000000;13;0;0,022850;0,022850
545;11,995000;12,000000;13,000000;13;0;0,022800;0,022800
546;11,945000;12,000000;13,000000;13;0;0,022750;0,022750
547;11,928077;12,000000;13,000000;13;0;0,022700;0,022700
548;11,980000;12,000000;13,000000;13;0;0,022650;0,022650
549;11,951000;12,000000;13,000000;13;0;0,022600;0,022600
550;12,000000;12,000000;13,000000;13;0;0,022550;0,022550
551;12,000000;12,000000;13,000000;13;0;0,022500;0,022500
552;11,947273;12,000000;13,000000;13;0;0,022450;0,022450
553;12,000000;12,000000;13,000000;13;0;0,022400;0,022400
554;11,970000;12,000000;13,000000;13;0;0,022350;0,022350
555;12,000000;12,000000;13,000000;13;0;0,022300;0,022300
556;12,000000;12,000000;13,000000;13;0;0,022250;0,022250
557;12,000000;12,000000;13,000000;13;0;0,022200;0,022200
558;11,956250;12,000000;13,000000;13;0;0,022150;0,022150
559;12,000000;12,000000;13,000000;13;0;0,022100;0,022100
560;11,958333;12,000000;13,000000;13;0;0,022050;0,022050
561;11,990000;12,000000;13,000000;13;0;0,022000;0,022000
562;12,000000;12,000000;13,000000;13;0;0,021950;0,021950
563;12,000000;12,000000;13,000000;13;0;0,021900;0,021900
564;11,952000;12,000000;13,000000;13;0;0,021850;0,021850
565;11,900889;12,000000;13,000000;13;0;0,021800;0,021800
566;12,000000;12,000000;13,000000;13;0;0,021750;0,021750
567;12,000000;12,000000;13,000000;13;0;0,021700;0,021700
568;11,962500;12,000000;13,000000;13;0;0,021650;0,021650
569;11,896667;12,000000;13,000000;13;0;0,021600;0,021600
570;11,912500;12,000000;13,000000;13;0;0,021550;0,021550
571;11,950833;12,000000;13,000000;13;0;0,021500;0,021500
572;12,000000;12,000000;13,000000;13;0;0,021450;0,021450
573;11,948571;12,000000;13,000000;13;0;0,021400;0,021400
574;11,995000;12,000000;13,000000;13;0;0,021350;0,021350
575;11,906500;12,000000;13,000000;13;0;0,021300;0,021300
576;11,954000;12,000000;13,000000;13;0;0,021250;0,021250
577;11,914000;12,000000;13,000000;13;0;0,021200;0,021200
578;12,000000;12,000000;13,000000;13;0;0,021150;0,021150
579;11,970000;12,000000;13,000000;13;0;0,021100;0,021100
580;12,000000;12,000000;13,000000;13;0;0,021050;0,021050
581;11,995000;12,000000;13,000000;13;0;0,021000;0,021000
582;12,000000;12,000000;13,000000;13;0;0,020950;0,020950
583;12,000000;12,000000;13,000000;13;0;0,020900;0,020900
584;11,958333;12,000000;13,000000;13;0;0,020850;0,020850
585;11,995000;12,000000;13,000000;13;0;0,020800;0,020800
586;11,955000;12,000000;13,000000;13;0;0,020750;0,020750
587;11,995000;12,000000;13,000000;13;0;0,020700;0,020700
588;11,995000;12,000000;13,000000;13;0;0,020650;0,020650
589;11,943889;12,000000;13,000000;13;0;0,020600;0,020600
590;12,000000;12,000000;13,000000;13;0;0,020550;0,020550
591;12,000000;12,000000;13,000000;13;0;0,020500;0,020500
592;12,000000;12,000000;13,000000;13;0;0,020450;0,020450
593;12,000000;12,000000;13,000000;13;0;0,020400;0,020400
594;12,000000;12,000000;13,000000;13;0;0,020350;0,020350
595;12,000000;12,000000;13,000000;13;0;0,020300;0,020300
596;11,990000;12,000000;13,000000;13;0;0,020250;0,020250
597;11,918333;12,000000;13,000000;13;0;0,020200;0,020200
598;11,908333;12,000000;13,000000;13;0;0,020150;0,020150
599;11,863750;12,000000;13,000000;13;0;0,020100;0,020100
600;11,903250;12,000000;13,000000;13;0;0,020050;0,020050
601;11,899143;12,000000;13,000000;13;0;0,020000;0,020000
602;11,850000;12,000000;13,000000;13;0;0,019950;0,019950
603;11,903333;12,000000;13,000000;13;0;0,019900;0,019900
604;11,951250;12,000000;13,000000;13;0;0,019850;0,019850
605;11,951250;12,000000;13,000000;13;0;0,019800;0,019800
606;11,990000;12,000000;13,000000;13;0;0,019750;0,019750
607;11,985000;12,000000;13,000000;13;0;0,019700;0,019700
608;11,995000;12,000000;13,000000;13;0;0,019650;0,019650
609;12,000000;12,000000;13,000000;13;0;0,019600;0,019600
610;12,000000;12,000000;13,000000;13;0;0,019550;0,019550
611;11,985000;12,000000;13,000000;13;0;0,019500;0,019500
612;12,000000;12,000000;13,000000;13;0;0,019450;0,019450
613;12,000000;12,000000;13,000000;13;0;0,019400;0,019400
614;12,000000;12,000000;13,000000;13;0;0,019350;0,019350
615;11,953750;12,000000;13,000000;13;0;0,019300;0,019300
616;11,938750;12,000000;13,000000;13;0;0,019250;0,019250
617;11,995000;12,000000;13,000000;13;0;0,019200;0,019200
618;11,938889;12,000000;13,000000;13;0;0,019150;0,019150
619;11,995000;12,000000;13,000000;13;0;0,019100;0,019100
620;12,000000;12,000000;13,000000;13;0;0,019050;0,019050
621;11,985000;12,000000;13,000000;13;0;0,019000;0,019000
622;11,985000;12,000000;13,000000;13;0;0,018950;0,018950
623;12,000000;12,000000;13,000000;13;0;0,018900;0,018900
624;11,948889;12,000000;13,000000;13;0;0,018850;0,018850
625;11,948889;12,000000;13,000000;13;0;0,018800;0,018800
626;11,916667;12,000000;13,000000;13;0;0,018750;0,018750
627;11,958333;12,000000;13,000000;13;0;0,018700;0,018700
628;11,970000;12,000000;13,000000;13;0;0,018650;0,018650
629;11,819091;12,000000;13,000000;13;0;0,018600;0,018600
630;11,960000;12,000000;13,000000;13;0;0,018550;0,018550
631;12,000000;12,000000;13,000000;13;0;0,018500;0,018500
632;11,916667;12,000000;13,000000;13;0;0,018450;0,018450
633;12,000000;12,000000;13,000000;13;0;0,018400;0,018400
634;12,000000;12,000000;13,000000;13;0;0,018350;0,018350
635;12,000000;12,000000;13,000000;13;0;0,018300;0,018300
636;11,956250;12,000000;13,000000;13;0;0,018250;0,018250
637;11,985000;12,000000;13,000000;13;0;0,018200;0,018200
638;12,000000;12,000000;13,000000;13;0;0,018150;0,018150
639;12,000000;12,000000;13,000000;13;0;0,018100;0,018100
640;12,000000;12,000000;13,000000;13;0;0,018050;0,018050
641;12,000000;12,000000;13,000000;13;0;0,018000;0,018000
642;12,000000;12,000000;13,000000;13;0;0,017950;0,017950
643;11,985000;12,000000;13,000000;13;0;0,017900;0,017900
644;12,000000;12,000000;13,000000;13;0;0,017850;0,017850
645;11,961667;12,000000;13,000000;13;0;0,017800;0,017800
646;12,000000;12,000000;13,000000;13;0;0,017750;0,017750
647;12,000000;12,000000;13,000000;13;0;0,017700;0,017700
648;12,000000;12,000000;13,000000;13;0;0,017650;0,017650
649;11,995000;12,000000;13,000000;13;0;0,017600;0,017600
650;12,000000;12,000000;13,000000;13;0;0,017550;0,017550
651;12,000000;12,000000;13,000000;13;0;0,017500;0,017500
652;12,000000;12,000000;13,000000;13;0;0,017450;0,017450
653;12,000000;12,000000;13,000000;13;0;0,017400;0,017400
654;11,951250;12,000000;13,000000;13;0;0,017350;0,017350
655;11,967500;12,000000;13,000000;13;0;0,017300;0,017300
656;12,000000;12,000000;13,000000;13;0;0,017250;0,017250
657;11,920000;12,000000;13,000000;13;0;0,017200;0,017200
658;12,000000;12,000000;13,000000;13;0;0,017150;0,017150
659;11,948571;12,000000;13,000000;13;0;0,017100;0,017100
660;11,947857;12,000000;13,000000;13;0;0,017050;0,017050
661;11,852714;12,000000;13,000000;13;0;0,017000;0,017000
662;11,995000;12,000000;13,000000;13;0;0,016950;0,016950
663;11,995000;12,000000;13,000000;13;0;0,016900;0,016900
664;12,000000;12,000000;13,000000;13;0;0,016850;0,016850
665;11,948333;12,000000;13,000000;13;0;0,016800;0,016800
666;12,000000;12,000000;13,000000;13;0;0,016750;0,016750
667;11,942500;12,000000;13,000000;13;0;0,016700;0,016700
668;11,947500;12,000000;13,000000;13;0;0,016650;0,016650
669;11,995000;12,000000;13,000000;13;0;0,016600;0,016600
670;11,980000;12,000000;13,000000;13;0;0,016550;0,016550
671;11,995000;12,000000;13,000000;13;0;0,016500;0,016500
672;11,967500;12,000000;13,000000;13;0;0,016450;0,016450
673;12,000000;12,000000;13,000000;13;0;0,016400;0,016400
674;11,995000;12,000000;13,000000;13;0;0,016350;0,016350
675;11,995000;12,000000;13,000000;13;0;0,016300;0,016300
676;12,000000;12,000000;13,000000;13;0;0,016250;0,016250
677;12,000000;12,000000;13,000000;13;0;0,016200;0,016200
678;11,908571;12,000000;13,000000;13;0;0,016150;0,016150
679;11,990000;12,000000;13,000000;13;0;0,016100;0,016100
680;11,990000;12,000000;13,000000;13;0;0,016050;0,016050
681;11,946250;12,000000;13,000000;13;0;0,016000;0,016000
682;11,941250;12,000000;13,000000;13;0;0,015950;0,015950
683;11,814750;12,000000;13,000000;13;0;0,015900;0,015900
684;11,956250;12,000000;13,000000;13;0;0,015850;0,015850
685;11,912500;12,000000;13,000000;13;0;0,015800;0,015800
686;12,000000;12,000000;13,000000;13;0;0,015750;0,015750
687;12,000000;12,000000;13,000000;13;0;0,015700;0,015700
688;12,000000;12,000000;13,000000;13;0;0,015650;0,015650
689;11,923500;12,000000;13,000000;13;0;0,015600;0,015600
690;11,950833;12,000000;13,000000;13;0;0,015550;0,015550
691;11,950000;12,000000;13,000000;13;0;0,015500;0,015500
692;12,000000;12,000000;13,000000;13;0;0,015450;0,015450
693;11,980000;12,000000;13,000000;13;0;0,015400;0,015400
694;12,000000;12,000000;13,000000;13;0;0,015350;0,015350
695;12,000000;12,000000;13,000000;13;0;0,015300;0,015300
696;11,995000;12,000000;13,000000;13;0;0,015250;0,015250
697;11,958333;12,000000;13,000000;13;0;0,015200;0,015200
698;11,995000;12,000000;13,000000;13;0;0,015150;0,015150
699;11,948333;12,000000;13,000000;13;0;0,015100;0,015100
700;11,980000;12,000000;13,000000;13;0;0,015050;0,015050
701;11,942143;12,000000;13,000000;13;0;0,015000;0,015000
702;11,990000;12,000000;13,000000;13;0;0,014950;0,014950
703;11,995000;12,000000;13,000000;13;0;0,014900;0,014900
704;11,950000;12,000000;13,000000;13;0;0,014850;0,014850
705;11,985000;12,000000;13,000000;13;0;0,014800;0,014800
706;12,000000;12,000000;13,000000;13;0;0,014750;0,014750
707;11,948889;12,000000;13,000000;13;0;0,014700;0,014700
708;12,000000;12,000000;13,000000;13;0;0,014650;0,014650
709;12,000000;12,000000;13,000000;13;0;0,014600;0,014600
710;11,952500;12,000000;13,000000;13;0;0,014550;0,014550
711;12,000000;12,000000;13,000000;13;0;0,014500;0,014500
712;11,960000;12,000000;13,000000;13;0;0,014450;0,014450
713;11,960000;12,000000;13,000000;13;0;0,014400;0,014400
714;11,956000;12,000000;13,000000;13;0;0,014350;0,014350
715;12,000000;12,000000;13,000000;13;0;0,014300;0,014300
716;12,000000;12,000000;13,000000;13;0;0,014250;0,014250
717;11,995000;12,000000;13,000000;13;0;0,014200;0,014200
718;11,995000;12,000000;13,000000;13;0;0,014150;0,014150
719;12,000000;12,000000;13,000000;13;0;0,014100;0,014100
720;12,000000;12,000000;13,000000;13;0;0,014050;0,014050
721;12,000000;12,000000;13,000000;13;0;0,014000;0,014000
722;12,000000;12,000000;13,000000;13;0;0,013950;0,013950
723;11,957000;12,000000;13,000000;13;0;0,013900;0,013900
724;11,932000;12,000000;13,000000;13;0;0,013850;0,013850
725;12,000000;12,000000;13,000000;13;0;0,013800;0,013800
726;12,000000;12,000000;13,000000;13;0;0,013750;0,013750
727;11,868000;12,000000;13,000000;13;0;0,013700;0,013700
728;11,960000;12,000000;13,000000;13;0;0,013650;0,013650
729;12,000000;12,000000;13,000000;13;0;0,013600;0,013600
730;12,000000;12,000000;13,000000;13;0;0,013550;0,013550
731;11,995000;12,000000;13,000000;13;0;0,013500;0,013500
732;11,917500;12,000000;13,000000;13;0;0,013450;0,013450
733;11,935000;12,000000;13,000000;13;0;0,013400;0,013400
734;11,950000;12,000000;13,000000;13;0;0,013350;0,013350
735;11,950000;12,000000;13,000000;13;0;0,013300;0,013300
736;12,000000;12,000000;13,000000;13;0;0,013250;0,013250
737;11,985000;12,000000;13,000000;13;0;0,013200;0,013200
738;12,000000;12,000000;13,000000;13;0;0,013150;0,013150
739;12,000000;12,000000;13,000000;13;0;0,013100;0,013100
740;11,953750;12,000000;13,000000;13;0;0,013050;0,013050
741;11,961667;12,000000;13,000000;13;0;0,013000;0,013000
742;12,000000;12,000000;13,000000;13;0;0,012950;0,012950
743;11,995000;12,000000;13,000000;13;0;0,012900;0,012900
744;12,000000;12,000000;13,000000;13;0;0,012850;0,012850
745;12,000000;12,000000;13,000000;13;0;0,012800;0,012800
746;12,000000;12,000000;13,000000;13;0;0,012750;0,012750
747;11,920000;12,000000;13,000000;13;0;0,012700;0,012700
748;11,995000;12,000000;13,000000;13;0;0,012650;0,012650
749;12,000000;12,000000;13,000000;13;0;0,012600;0,012600
750;12,000000;12,000000;13,000000;13;0;0,012550;0,012550
751;11,950714;12,000000;13,000000;13;0;0,012500;0,012500
752;11,985000;12,000000;13,000000;13;0;0,012450;0,012450
753;12,000000;12,000000;13,000000;13;0;0,012400;0,012400
754;12,000000;12,000000;13,000000;13;0;0,012350;0,012350
755;11,985000;12,000000;13,000000;13;0;0,012300;0,012300
756;11,955000;12,000000;13,000000;13;0;0,012250;0,012250
757;12,000000;12,000000;13,000000;13;0;0,012200;0,012200
758;11,967500;12,000000;13,000000;13;0;0,012150;0,012150
759;11,980000;12,000000;13,000000;13;0;0,012100;0,012100
760;11,980000;12,000000;13,000000;13;0;0,012050;0,012050
761;11,990000;12,000000;13,000000;13;0;0,012000;0,012000
762;12,000000;12,000000;13,000000;13;0;0,011950;0,011950
763;11,990000;12,000000;13,000000;13;0;0,011900;0,011900
764;12,000000;12,000000;13,000000;13;0;0,011850;0,011850
765;11,970000;12,000000;13,000000;13;0;0,011800;0,011800
766;11,970000;12,000000;13,000000;13;0;0,011750;0,011750
767;11,958333;12,000000;13,000000;13;0;0,011700;0,011700
768;11,902222;12,000000;13,000000;13;0;0,011650;0,011650
769;11,958333;12,000000;13,000000;13;0;0,011600;0,011600
770;12,000000;12,000000;13,000000;13;0;0,011550;0,011550
771;12,000000;12,000000;13,000000;13;0;0,011500;0,011500
772;11,995000;12,000000;13,000000;13;0;0,011450;0,011450
773;12,000000;12,000000;13,000000;13;0;0,011400;0,011400
774;12,000000;12,000000;13,000000;13;0;0,011350;0,011350
775;12,000000;12,000000;13,000000;13;0;0,011300;0,011300
776;12,000000;12,000000;13,000000;13;0;0,011250;0,011250
777;11,917500;12,000000;13,000000;13;0;0,011200;0,011200
778;12,000000;12,000000;13,000000;13;0;0,011150;0,011150
779;12,000000;12,000000;13,000000;13;0;0,011100;0,011100
780;11,985000;12,000000;13,000000;13;0;0,011050;0,011050
781;11,985000;12,000000;13,000000;13;0;0,011000;0,011000
782;11,937000;12,000000;13,000000;13;0;0,010950;0,010950
783;11,995000;12,000000;13,000000;13;0;0,010900;0,010900
784;11,915000;12,000000;13,000000;13;0;0,010850;0,010850
785;11,957500;12,000000;13,000000;13;0;0,010800;0,010800
786;12,000000;12,000000;13,000000;13;0;0,010750;0,010750
787;11,951250;12,000000;13,000000;13;0;0,010700;0,010700
788;11,902500;12,000000;13,000000;13;0;0,010650;0,010650
789;11,960000;12,000000;13,000000;13;0;0,010600;0,010600
790;12,000000;12,000000;13,000000;13;0;0,010550;0,010550
791;11,995000;12,000000;13,000000;13;0;0,010500;0,010500
792;11,948750;12,000000;13,000000;13;0;0,010450;0,010450
793;11,948889;12,000000;13,000000;13;0;0,010400;0,010400
794;11,916667;12,000000;13,000000;13;0;0,010350;0,010350
795;11,958333;12,000000;13,000000;13;0;0,010300;0,010300
796;11,985000;12,000000;13,000000;13;0;0,010250;0,010250
797;11,952500;12,000000;13,000000;13;0;0,010200;0,010200
798;11,970000;12,000000;13,000000;13;0;0,010150;0,010150
799;12,000000;12,000000;13,000000;13;0;0,010100;0,010100
800;11,995000;12,000000;13,000000;13;0;0,010050;0,010050
801;12,000000;12,000000;13,000000;13;0;0,010000;0,010000
802;11,958333;12,000000;13,000000;13;0;0,009950;0,009950
803;12,000000;12,000000;13,000000;13;0;0,009900;0,009900
804;12,000000;12,000000;13,000000;13;0;0,009850;0,009850
805;12,000000;12,000000;13,000000;13;0;0,009800;0,009800
806;12,000000;12,000000;13,000000;13;0;0,009750;0,009750
807;12,000000;12,000000;13,000000;13;0;0,009700;0,009700
808;12,000000;12,000000;13,000000;13;0;0,009650;0,009650
809;12,000000;12,000000;13,000000;13;0;0,009600;0,009600
810;12,000000;12,000000;13,000000;13;0;0,009550;0,009550
811;12,000000;12,000000;13,000000;13;0;0,009500;0,009500
812;12,000000;12,000000;13,000000;13;0;0,009450;0,009450
813;11,995000;12,000000;13,000000;13;0;0,009400;0,009400
814;12,000000;12,000000;13,000000;13;0;0,009350;0,009350
815;12,000000;12,000000;13,000000;13;0;0,009300;0,009300
816;12,000000;12,000000;13,000000;13;0;0,009250;0,009250
817;12,000000;12,000000;13,000000;13;0;0,009200;0,009200
818;12,000000;12,000000;13,000000;13;0;0,009150;0,009150
819;12,000000;12,000000;13,000000;13;0;0,009100;0,009100
820;12,000000;12,000000;13,000000;13;0;0,009050;0,009050
821;12,000000;12,000000;13,000000;13;0;0,009000;0,009000
822;12,000000;12,000000;13,000000;13;0;0,008950;0,008950
823;12,000000;12,000000;13,000000;13;0;0,008900;0,008900
824;12,000000;12,000000;13,000000;13;0;0,008850;0,008850
825;12,000000;12,000000;13,000000;13;0;0,008800;0,008800
826;12,000000;12,000000;13,000000;13;0;0,008750;0,008750
827;11,995000;12,000000;13,000000;13;0;0,008700;0,008700
828;12,000000;12,000000;13,000000;13;0;0,008650;0,008650
829;12,000000;12,000000;13,000000;13;0;0,008600;0,008600
830;11,948571;12,000000;13,000000;13;0;0,008550;0,008550
831;11,948571;12,000000;13,000000;13;0;0,008500;0,008500
832;12,000000;12,000000;13,000000;13;0;0,008450;0,008450
833;12,000000;12,000000;13,000000;13;0;0,008400;0,008400
834;11,954000;12,000000;13,000000;13;0;0,008350;0,008350
835;12,000000;12,000000;13,000000;13;0;0,008300;0,008300
836;12,000000;12,000000;13,000000;13;0;0,008250;0,008250
837;12,000000;12,000000;13,000000;13;0;0,008200;0,008200
838;12,000000;12,000000;13,000000;13;0;0,008150;0,008150
839;12,000000;12,000000;13,000000;13;0;0,008100;0,008100
840;12,000000;12,000000;13,000000;13;0;0,008050;0,008050
841;11,995000;12,000000;13,000000;13;0;0,008000;0,008000
842;12,000000;12,000000;13,000000;13;0;0,007950;0,007950
843;11,995000;12,000000;13,000000;13;0;0,007900;0,007900
844;11,995000;12,000000;13,000000;13;0;0,007850;0,007850
845;11,990000;12,000000;13,000000;13;0;0,007800;0,007800
846;11,990000;12,000000;13,000000;13;0;0,007750;0,007750
847;12,000000;12,000000;13,000000;13;0;0,007700;0,007700
848;12,000000;12,000000;13,000000;13;0;0,007650;0,007650
849;11,990000;12,000000;13,000000;13;0;0,007600;0,007600
850;12,000000;12,000000;13,000000;13;0;0,007550;0,007550
851;12,000000;12,000000;13,000000;13;0;0,007500;0,007500
852;12,000000;12,000000;13,000000;13;0;0,007450;0,007450
853;12,000000;12,000000;13,000000;13;0;0,007400;0,007400
854;12,000000;12,000000;13,000000;13;0;0,007350;0,007350
855;11,995000;12,000000;13,000000;13;0;0,007300;0,007300
856;12,000000;12,000000;13,000000;13;0;0,007250;0,007250
857;12,000000;12,000000;13,000000;13;0;0,007200;0,007200
858;12,000000;12,000000;13,000000;13;0;0,007150;0,007150
859;12,000000;12,000000;13,000000;13;0;0,007100;0,007100
860;11,950714;12,000000;13,000000;13;0;0,007050;0,007050
861;11,960000;12,000000;13,000000;13;0;0,007000;0,007000
862;12,000000;12,000000;13,000000;13;0;0,006950;0,006950
863;12,000000;12,000000;13,000000;13;0;0,006900;0,006900
864;11,956000;12,000000;13,000000;13;0;0,006850;0,006850
865;11,912000;12,000000;13,000000;13;0;0,006800;0,006800
866;12,000000;12,000000;13,000000;13;0;0,006750;0,006750
867;12,000000;12,000000;13,000000;13;0;0,006700;0,006700
868;12,000000;12,000000;13,000000;13;0;0,006650;0,006650
869;12,000000;12,000000;13,000000;13;0;0,006600;0,006600
870;11,967500;12,000000;13,000000;13;0;0,006550;0,006550
871;11,967500;12,000000;13,000000;13;0;0,006500;0,006500
872;12,000000;12,000000;13,000000;13;0;0,006450;0,006450
873;12,000000;12,000000;13,000000;13;0;0,006400;0,006400
874;11,958333;12,000000;13,000000;13;0;0,006350;0,006350
875;12,000000;12,000000;13,000000;13;0;0,006300;0,006300
876;12,000000;12,000000;13,000000;13;0;0,006250;0,006250
877;11,952500;12,000000;13,000000;13;0;0,006200;0,006200
878;11,952500;12,000000;13,000000;13;0;0,006150;0,006150
879;12,000000;12,000000;13,000000;13;0;0,006100;0,006100
880;12,000000;12,000000;13,000000;13;0;0,006050;0,006050
881;11,985000;12,000000;13,000000;13;0;0,006000;0,006000
882;12,000000;12,000000;13,000000;13;0;0,005950;0,005950
883;12,000000;12,000000;13,000000;13;0;0,005900;0,005900
884;11,961667;12,000000;13,000000;13;0;0,005850;0,005850
885;12,000000;12,000000;13,000000;13;0;0,005800;0,005800
886;11,995000;12,000000;13,000000;13;0;0,005750;0,005750
887;12,000000;12,000000;13,000000;13;0;0,005700;0,005700
888;12,000000;12,000000;13,000000;13;0;0,005650;0,005650
889;12,000000;12,000000;13,000000;13;0;0,005600;0,005600
890;11,843571;12,000000;13,000000;13;0;0,005550;0,005550
891;11,791429;12,000000;13,000000;13;0;0,005500;0,005500
892;11,947857;12,000000;13,000000;13;0;0,005450;0,005450
893;11,960000;12,000000;13,000000;13;0;0,005400;0,005400
894;12,000000;12,000000;13,000000;13;0;0,005350;0,005350
895;11,961667;12,000000;13,000000;13;0;0,005300;0,005300
896;11,958333;12,000000;13,000000;13;0;0,005250;0,005250
897;11,995000;12,000000;13,000000;13;0;0,005200;0,005200
898;12,000000;12,000000;13,000000;13;0;0,005150;0,005150
899;12,000000;12,000000;13,000000;13;0;0,005100;0,005100
900;12,000000;12,000000;13,000000;13;0;0,005050;0,005050
901;12,000000;12,000000;13,000000;13;0;0,005000;0,005000
902;12,000000;12,000000;13,000000;13;0;0,004950;0,004950
903;12,000000;12,000000;13,000000;13;0;0,004900;0,004900
904;12,000000;12,000000;13,000000;13;0;0,004850;0,004850
905;12,000000;12,000000;13,000000;13;0;0,004800;0,004800
906;12,000000;12,000000;13,000000;13;0;0,004750;0,004750
907;12,000000;12,000000;13,000000;13;0;0,004700;0,004700
908;12,000000;12,000000;13,000000;13;0;0,004650;0,004650
909;12,000000;12,000000;13,000000;13;0;0,004600;0,004600
910;12,000000;12,000000;13,000000;13;0;0,004550;0,004550
911;12,000000;12,000000;13,000000;13;0;0,004500;0,004500
912;12,000000;12,000000;13,000000;13;0;0,004450;0,004450
913;12,000000;12,000000;13,000000;13;0;0,004400;0,004400
914;12,000000;12,000000;13,000000;13;0;0,004350;0,004350
915;12,000000;12,000000;13,000000;13;0;0,004300;0,004300
916;12,000000;12,000000;13,000000;13;0;0,004250;0,004250
917;12,000000;12,000000;13,000000;13;0;0,004200;0,004200
918;12,000000;12,000000;13,000000;13;0;0,004150;0,004150
919;12,000000;12,000000;13,000000;13;0;0,004100;0,004100
920;12,000000;12,000000;13,000000;13;0;0,004050;0,004050
921;12,000000;12,000000;13,000000;13;0;0,004000;0,004000
922;12,000000;12,000000;13,000000;13;0;0,003950;0,003950
923;12,000000;12,000000;13,000000;13;0;0,003900;0,003900
924;12,000000;12,000000;13,000000;13;0;0,003850;0,003850
925;12,000000;12,000000;13,000000;13;0;0,003800;0,003800
926;12,000000;12,000000;13,000000;13;0;0,003750;0,003750
927;12,000000;12,000000;13,000000;13;0;0,003700;0,003700
928;12,000000;12,000000;13,000000;13;0;0,003650;0,003650
929;12,000000;12,000000;13,000000;13;0;0,003600;0,003600
930;12,000000;12,000000;13,000000;13;0;0,003550;0,003550
931;12,000000;12,000000;13,000000;13;0;0,003500;0,003500
932;12,000000;12,000000;13,000000;13;0;0,003450;0,003450
933;12,000000;12,000000;13,000000;13;0;0,003400;0,003400
934;12,000000;12,000000;13,000000;13;0;0,003350;0,003350
935;12,000000;12,000000;13,000000;13;0;0,003300;0,003300
936;12,000000;12,000000;13,000000;13;0;0,003250;0,003250
937;12,000000;12,000000;13,000000;13;0;0,003200;0,003200
938;12,000000;12,000000;13,000000;13;0;0,003150;0,003150
939;12,000000;12,000000;13,000000;13;0;0,003100;0,003100
940;12,000000;12,000000;13,000000;13;0;0,003050;0,003050
941;12,000000;12,000000;13,000000;13;0;0,003000;0,003000
942;12,000000;12,000000;13,000000;13;0;0,002950;0,002950
943;12,000000;12,000000;13,000000;13;0;0,002900;0,002900
944;12,000000;12,000000;13,000000;13;0;0,002850;0,002850
945;12,000000;12,000000;13,000000;13;0;0,002800;0,002800
946;12,000000;12,000000;13,000000;13;0;0,002750;0,002750
947;12,000000;12,000000;13,000000;13;0;0,002700;0,002700
948;12,000000;12,000000;13,000000;13;0;0,002650;0,002650
949;12,000000;12,000000;13,000000;13;0;0,002600;0,002600
950;12,000000;12,000000;13,000000;13;0;0,002550;0,002550
951;12,000000;12,000000;13,000000;13;0;0,002500;0,002500
952;12,000000;12,000000;13,000000;13;0;0,002450;0,002450
953;12,000000;12,000000;13,000000;13;0;0,002400;0,002400
954;12,000000;12,000000;13,000000;13;0;0,002350;0,002350
955;12,000000;12,000000;13,000000;13;0;0,002300;0,002300
956;12,000000;12,000000;13,000000;13;0;0,002250;0,002250
957;12,000000;12,000000;13,000000;13;0;0,002200;0,002200
958;12,000000;12,000000;13,000000;13;0;0,002150;0,002150
959;12,000000;12,000000;13,000000;13;0;0,002100;0,002100
960;12,000000;12,000000;13,000000;13;0;0,002050;0,002050
961;12,000000;12,000000;13,000000;13;0;0,002000;0,002000
962;12,000000;12,000000;13,000000;13;0;0,001950;0,001950
963;12,000000;12,000000;13,000000;13;0;0,001900;0,001900
964;12,000000;12,000000;13,000000;13;0;0,001850;0,001850
965;12,000000;12,000000;13,000000;13;0;0,001800;0,001800
966;12,000000;12,000000;13,000000;13;0;0,001750;0,001750
967;12,000000;12,000000;13,000000;13;0;0,001700;0,001700
968;12,000000;12,000000;13,000000;13;0;0,001650;0,001650
969;12,000000;12,000000;13,000000;13;0;0,001600;0,001600
970;12,000000;12,000000;13,000000;13;0;0,001550;0,001550
971;12,000000;12,000000;13,000000;13;0;0,001500;0,001500
972;12,000000;12,000000;13,000000;13;0;0,001450;0,001450
973;12,000000;12,000000;13,000000;13;0;0,001400;0,001400
974;12,000000;12,000000;13,000000;13;0;0,001350;0,001350
975;12,000000;12,000000;13,000000;13;0;0,001300;0,001300
976;12,000000;12,000000;13,000000;13;0;0,001250;0,001250
977;12,000000;12,000000;13,000000;13;0;0,001200;0,001200
978;12,000000;12,000000;13,000000;13;0;0,001150;0,001150
979;12,000000;12,000000;13,000000;13;0;0,001100;0,001100
980;12,000000;12,000000;13,000000;13;0;0,001050;0,001050
981;12,000000;12,000000;13,000000;13;0;0,001000;0,001000
982;12,000000;12,000000;13,000000;13;0;0,000950;0,000950
983;12,000000;12,000000;13,000000;13;0;0,000900;0,000900
984;12,000000;12,000000;13,000000;13;0;0,000850;0,000850
985;12,000000;12,000000;13,000000;13;0;0,000800;0,000800
986;12,000000;12,000000;13,000000;13;0;0,000750;0,000750
987;12,000000;12,000000;13,000000;13;0;0,000700;0,000700
988;12,000000;12,000000;13,000000;13;0;0,000650;0,000650
989;12,000000;12,000000;13,000000;13;0;0,000600;0,000600
990;12,000000;12,000000;13,000000;13;0;0,000550;0,000550
991;12,000000;12,000000;13,000000;13;0;0,000500;0,000500
992;12,000000;12,000000;13,000000;13;0;0,000450;0,000450
993;12,000000;12,000000;13,000000;13;0;0,000400;0,000400
994;12,000000;12,000000;13,000000;13;0;0,000350;0,000350
995;12,000000;12,000000;13,000000;13;0;0,000300;0,000300
996;12,000000;12,000000;13,000000;13;0;0,000250;0,000250
997;12,000000;12,000000;13,000000;13;0;0,000200;0,000200
998;12,000000;12,000000;13,000000;13;0;0,000150;0,000150
999;12,000000;12,000000;13,000000;13;0;0,000100;0,000100
1000;12,000000;12,000000;13,000000;13;0;0,000050;0,000050
